metric,internal_value,external_value,external_ci_low,external_ci_high,difference_external_minus_internal,claims_policy,source_artifact,value_kind
false_positive_lesions_per_scan,unavailable,2358.4,1893.32,2872.07,not_materialized_in_source_artifact,descriptive_only_no_superiority_or_generalization_claims,phase8_external_evaluation_v1/phase8_internal_external_comparison_corrected_v1.json,descriptive
lesion_f1,unavailable,0.000829379,0.000388752,0.00130496,not_materialized_in_source_artifact,descriptive_only_no_superiority_or_generalization_claims,phase8_external_evaluation_v1/phase8_internal_external_comparison_corrected_v1.json,descriptive
lesion_wise_precision,unavailable,0.000417023,0.000195357,0.000656226,not_materialized_in_source_artifact,descriptive_only_no_superiority_or_generalization_claims,phase8_external_evaluation_v1/phase8_internal_external_comparison_corrected_v1.json,descriptive
lesion_wise_recall,unavailable,0.158868,0.0481536,0.310257,not_materialized_in_source_artifact,descriptive_only_no_superiority_or_generalization_claims,phase8_external_evaluation_v1/phase8_internal_external_comparison_corrected_v1.json,descriptive
tumor_dice,0.015793,0.0141157,0.00434155,0.025013,not_materialized_in_source_artifact,descriptive_only_no_superiority_or_generalization_claims,phase8_external_evaluation_v1/phase8_internal_external_comparison_corrected_v1.json,descriptive
tumor_hd95,unavailable,176.626,159.324,194.302,not_materialized_in_source_artifact,descriptive_only_no_superiority_or_generalization_claims,phase8_external_evaluation_v1/phase8_internal_external_comparison_corrected_v1.json,descriptive
tumor_iou,unavailable,0.00721538,0.00220828,0.0127937,not_materialized_in_source_artifact,descriptive_only_no_superiority_or_generalization_claims,phase8_external_evaluation_v1/phase8_internal_external_comparison_corrected_v1.json,descriptive
tumor_normalized_surface_dice,unavailable,0.00330141,0.000869538,0.00616264,not_materialized_in_source_artifact,descriptive_only_no_superiority_or_generalization_claims,phase8_external_evaluation_v1/phase8_internal_external_comparison_corrected_v1.json,descriptive
tumor_volume_error_signed_ml,unavailable,-30.979,-96.5135,18.2676,not_materialized_in_source_artifact,descriptive_only_no_superiority_or_generalization_claims,phase8_external_evaluation_v1/phase8_internal_external_comparison_corrected_v1.json,descriptive
